channel_name,total_conversions,total_conversion_value
NP,371.9604499,371.9604499
FB,368.6035028,368.6035028
Tw,367.6179671,367.6179671
TV,371.7263714,371.7263714
R,372.0917088,372.0917088
